mse,mae,rmse,model,dataset,pred_len
0.983157753944397,0.8764405846595764,0.9915431175417421,RNN,ETTh1,24
